lemma,pos,sense_hint,band,rank,sources
obtain,v,To be given or to earn something through efforts,B2,1475,nawl|noa
bound,v,to go to a specified place; to jump,B3,2151,nawl|noa
transaction,n,an exchange; in business this usually involves money,B3,2391,nawl|noa
sword,n,a long metal weapon with a sharp point and edge,B3,2581,nawl|noa
treaty,n,an agreement between nations,B3,2806,nawl|noa|cefrj-b2
regime,n,a system of management; a form of government,B3,2964,nawl|noa|cefrj-b2
faculty,n,the teachers in a school or college,B3,2971,nawl|noa|cefrj-b2
classify,v,To arrange things into groups of similar items,ACAD,3018,nawl|noa
render,v,"to cause someone or something to behave in a particular way, or to enter into a particular condition",ACAD,3067,nawl|noa
utilize,v,to use something practically for a particular purpose,ACAD,3095,nawl|noa|cefrj-b2
prominent,adj,being important or well known,ACAD,3131,nawl|noa
span,v,the amount of time something lasts,ACAD,3310,nawl|noa|cefrj-b2
criteria,n,standard used to make judgments or decisions,ACAD,3331,nawl|noa
harvest,n,the time of year to bring crops in from the fields,ACAD,3334,nawl|noa
induce,v,"to cause, to persuade",ACAD,3350,nawl|noa
exploit,v,to use something or someone selfishly or unethically,ACAD,3439,nawl|noa|cefrj-b2
classification,n,putting similar items into groups or sets,ACAD,3584,nawl|noa|cefrj-b2
bulk,n,big size; largeness; heaviness,ACAD,3690,nawl|noa
resemble,v,to be similar to someone or something in looks or manner,ACAD,3691,nawl|noa
chronic,adj,over a long time; serious,ACAD,3704,nawl|noa
reinforce,v,to strengthen,ACAD,3756,nawl|noa|cefrj-b2
depict,v,to describe someone or something,ACAD,3792,nawl|noa
migration,n,the process by which people or animals move to another place,ACAD,3858,nawl|noa|cefrj-b2
scatter,v,to make things separate and go in different directions,ACAD,3909,nawl|noa
curriculum,n,group of related courses in a school or college,ACAD,3920,nawl|noa
indigenous,adj,"living or growing naturally in an area, not brought from somewhere else",ACAD,3930,nawl|noa
intensity,n,"great energy, strength, or concentration",ACAD,3959,nawl|noa
gauge,n,a tool used to measure things,ACAD,3964,nawl|noa
elaborate,adj,to be made or done with great care or with much detail,ACAD,4009,nawl|noa
merge,v,to cause two or more things to become combined into one,ACAD,4012,nawl|noa|cefrj-b2
immune,adj,"not affected by something, such as a disease",ACAD,4030,nawl|noa
injection,n,a way to put (inject) a drug or another substance into your body,ACAD,4163,nawl|noa|cefrj-b2
strand,n,something that is plaited or twisted as a rope-like length,ACAD,4214,nawl|noa|cefrj-b2
assert,v,To state or declare your ideas positively strongly,ACAD,4226,nawl|noa|cefrj-b2
commodity,n,"Something useful or valuable, usually for sale",ACAD,4243,nawl|noa
monetary,adj,"concerning money, often referring to a country's economic system",ACAD,4256,nawl|noa
retrieve,v,to find and get something from somewhere,ACAD,4267,nawl|noa|cefrj-b2
modification,n,"a small change to a machine, system, or plan",ACAD,4277,nawl|noa|cefrj-b2
subtle,adj,"difficult to notice, understand, or see",ACAD,4299,nawl|noa|cefrj-b2
weave,v,to make something by crossing threads over and under each other,ACAD,4345,nawl|noa|cefrj-b2
precede,v,to go before,ACAD,4353,nawl|noa|cefrj-b2
orientation,n,"the ability to locate oneself in your environment with reference to time, place, and people",ACAD,4355,nawl|noa
tremendous,adj,"having great size, excellence, or power",ACAD,4442,nawl|noa
virtue,n,a good quality,ACAD,4447,nawl|noa|cefrj-b2
fraction,n,a part of a whole,ACAD,4556,nawl|noa
specimen,n,"an example of something, especially of a plant or an animal; a small amount of blood or urine",ACAD,4567,nawl|noa
compensate,v,to give (money) to as a form of correcting a loss,ACAD,4631,nawl|noa|cefrj-b2
limb,n,"leg, arm or wing",ACAD,4656,nawl|noa|cefrj-b2
accumulate,v,To gather or acquire so that you have more of it,ACAD,4688,nawl|noa|cefrj-b2
machinery,n,machines in general,ACAD,4702,nawl|noa
namely,adv,"that is to say, specifically",ACAD,4704,nawl|noa
overlap,v,To lie over or cover a part of something else,ACAD,4784,nawl|noa|cefrj-b2
elevation,n,the height of a place,ACAD,4903,nawl|noa
obscure,adj,"not famous, unknown by most people; not easy to understand",ACAD,4904,nawl|noa
confine,v,to keep something or someone within a limited area so it cannot escape,ACAD,4918,nawl|noa|cefrj-b2
intervene,v,"to get involved, to prevent trouble",ACAD,4964,nawl|noa
decay,v,to be slowly broken down by natural processes,ACAD,5020,nawl|noa|cefrj-b2
incline,n,a slope or surface that rises uphill,ACAD,5061,nawl|noa
explicit,adj,definite; clearly stated; specific,ACAD,5069,nawl|noa
supposedly,adv,as some people believe (shows you doubt it),ACAD,5081,nawl|noa
stimulus,n,something that makes a change.,ACAD,5095,nawl|noa
reproduce,v,to make a copy of something,ACAD,5192,nawl|noa
profound,adj,showing a lot of deep knowledge or thought,ACAD,5218,nawl|noa
transplant,n,a medical operation in which a new organ is placed inside a patient's body,ACAD,5244,nawl|noa
competent,adj,fully qualified or capable of doing,ACAD,5331,nawl|noa|cefrj-b2
leisure,n,time when you have no work to do and can relax,ACAD,5337,nawl|noa
vague,adj,not clearly stated,ACAD,5686,nawl|noa
correspondence,n,"Communication by letters, emails or text messages",ACAD,5691,nawl|noa|cefrj-b2
articulate,v,to express something clearly using language,ACAD,5859,nawl|noa|cefrj-b2
pest,n,an unwanted insect or small animal that eats plants or food supplies,ACAD,5883,nawl|noa
denote,v,be a name or symbol for,ACAD,5928,nawl|noa
deficiency,n,without something that is necessary,ACAD,6078,nawl|noa
emit,v,"formal to release or send out (a gas, etc)",ACAD,6082,nawl|noa
affirm,v,"to state, strengthen or support a belief you have",ACAD,6232,nawl|noa
inhibit,v,to make it difficult for a process to start or continue in a normal way,ACAD,6376,nawl|noa
continuity,n,continued existence; fact of not stopping,ACAD,6408,nawl|noa
fundamentally,adv,in a basic and important way,ACAD,6417,nawl|noa
offspring,n,the child of a person or the young of a plant or animal,ACAD,6425,nawl|noa
mediate,v,"to bring about an agreement between persons or groups, act as a helper",ACAD,6556,nawl|noa
friction,n,the act of sliding two objects against each other,ACAD,6773,nawl|noa
onset,n,the beginning,ACAD,6829,nawl|noa
damp,adj,a little wet,ACAD,6869,nawl|noa
irrigation,n,supplying land with water using pipes,ACAD,7079,nawl|noa
incidence,n,the rate that something happens,ACAD,7111,nawl|noa
competence,n,ability to do something in a fully satisfactory way,ACAD,7792,nawl|noa|cefrj-b2
syllable,n,a unit of speech,ACAD,8116,nawl|noa|cefrj-b2
constrain,v,To make someone do something by strong persuasion or force,ACAD,8188,nawl|noa
vowel,n,"a speech sound; a, e , i, o, u and sometimes y",ACAD,8204,nawl|noa
residual,adj,"concerning the last little bit, after the rest has gone or ended",ACAD,8327,nawl|noa
inhibition,n,the process whereby nerves can retard or prevent the functioning of an organ; the act of blocking or holding back,ACAD,9045,nawl|noa
implicit,adj,not stated directly,ACAD,9558,nawl|noa
comma,n,mark showing a pause or list in a sentence,ACAD,9749,nawl|noa
inference,n,an opinion that you form based on information you already have,ACAD,10318,nawl|noa|cefrj-b2
consonant,adj,a speech sound; any letter in the alphabet that is not a vowel.,ACAD,11022,nawl|noa
precipitate,v,to cause to happen,ACAD,11132,nawl|noa
confound,v,"to confuse and greatly surprise someone, so that they are unable to explain a situation",ACAD,11488,nawl|noa
media,n,"means of communication (tv, newspapers, internet)",B1,527,nawl|cefrj-b2
take off,phrase,,B1,,noa
publish,v,"to prepare a book, journal, magazine and make it available",B1,675,nawl
well read,phrase,,B1,,noa
super,adj,of the highest quality; great; marvelous,B1,878,nawl
draw upon,phrase,,B1,,noa
authority,n,"people in positions of power, able to decide things",B1,979,nawl
district,n,,B1,811,noa
impact,n,a striking effect or result to hit with force,B2,1032,nawl
content,adj,,B1,911,noa|cefrj-b2
apple,n,hard round red or green fruit with a white center,B2,1456,nawl
labor,n,,B1,940,noa
mid,adj,at (or near) the middle point,B2,1466,nawl
grant,n,,B1,985,noa
client,n,person paying for professional services,B2,1518,nawl|cefrj-b2
commission,n,,B2,1058,noa|cefrj-b2
ray,n,the lines of light coming from an object,B2,1576,nawl
blow,n,,B2,1088,noa
aspect,n,"an element, feature, or quality of something",B2,1623,nawl
wind,n,,B2,1114,noa|cefrj-b2
tech,n,short for 'technology' or 'technician',B2,1769,nawl
wave,n,,B2,1336,noa
ton,n,a unit of weight equal to 907 kilograms,B2,1817,nawl|cefrj-b2
volume,n,,B2,1353,noa
distribution,n,,B2,1839,nawl
surround,v,,B2,1421,noa|cefrj-b2
stadium,n,very large building with a sports field and rows of seats all around that is used for various events,B2,1861,nawl
route,n,,B2,1434,noa|cefrj-b2
suicide,n,the act of purposely killing yourself because you no longer wish to live,B2,1922,nawl
fee,n,,B2,1464,noa
assembly,n,a group of machine parts forming a tool or machine,B2,1936,nawl|cefrj-b2
declare,v,,B2,1601,noa
incredible,adj,very hard to believe,B2,1962,nawl
joint,adj,,B2,1604,noa|cefrj-b2
republic,n,a country governed by elected representatives,B2,1997,nawl
frank,adj,,B2,1606,noa
statistics,n,a type of mathematics that provide specific information or prove something,B3,2066,nawl|cefrj-b2
sector,n,,B2,1620,noa|cefrj-b2
goods,n,general term for things that are bought or sold,B3,2064,nawl
revenue,n,,B2,1664,noa|cefrj-b2
legend,n,"old story generally believed, although not proven",B3,2078,nawl|cefrj-b2
proceed,v,,B2,1694,noa
cheat,v,To act in dishonest manner to gain an advantage,B3,2128,nawl|cefrj-b2
asset,n,,B2,1698,noa
constitution,n,a law determining the fundamental political principles of a government,B3,2150,nawl
generate,v,,B2,1706,noa
thread,n,"a long, very thin, soft material used to join or make cloth",B3,2168,nawl|cefrj-b2
component,n,,B2,1808,noa|cefrj-b2
punch,v,to make a quick hit with a closed hand,B3,2176,nawl|cefrj-b2
wage,n,,B2,1821,noa|cefrj-b2
campus,n,"the site of an institution, such as a university campus",B3,2213,nawl
contest,n,,B2,1866,noa
sin,n,a bad act; to do something bad,B3,2216,nawl
demonstrate,v,,B2,1893,noa
