id,lemma,band,rank,decision,notes
B1-bill,bill,B1,578,,
B1-condition,condition,B1,588,,
B1-crazy,crazy,B1,877,,
B1-culture,culture,B1,849,,
B1-eat,eat,B1,421,,
B1-education,education,B1,560,,
B1-eye,eye,B1,374,,
B1-fill,fill,B1,919,,
B1-film,film,B1,453,,
B1-football,football,B1,810,,
B1-group,group,B1,176,,
B1-health,health,B1,378,,
B1-hear,hear,B1,216,,
B1-help,help,B1,126,,
B1-know,know,B1,56,,
B1-level,level,B1,283,,
B1-mind,mind,B1,331,,
B1-reason,reason,B1,324,,
B1-set,set,B1,175,,
B1-sir,sir,B1,920,,
B1-sit,sit,B1,493,,
B1-society,society,B1,658,,
B1-sorry,sorry,B1,699,,
B1-south,south,B1,418,,
B1-star,star,B1,431,,
B1-strong,strong,B1,487,,
B1-tell,tell,B1,112,,
B1-thank,thank,B1,155,,
B1-truth,truth,B1,902,,
B1-young,young,B1,306,,
B2-admit,admit,B2,1212,,
B2-aid,aid,B2,1229,,
B2-aircraft,aircraft,B2,1931,,
B2-approximately,approximately,B2,1941,,
B2-attach,attach,B2,1999,,
B2-billion,billion,B2,1477,,
B2-brain,brain,B2,1053,,
B2-copy,copy,B2,1070,,
B2-digital,digital,B2,1439,,
B2-division,division,B2,1193,,
B2-email,email,B2,1411,,
B2-enemy,enemy,B2,1319,,
B2-freeze,freeze,B2,1775,,
B2-fully,fully,B2,1281,,
B2-heat,heat,B2,1022,,
B2-inch,inch,B2,1678,,
B2-incident,incident,B2,1802,,
B2-injury,injury,B2,1226,,
B2-location,location,B2,1030,,
B2-muscle,muscle,B2,1998,,
B2-nature,nature,B2,1067,,
B2-peak,peak,B2,1876,,
B2-regulation,regulation,B2,1658,,
B2-repair,repair,B2,1837,,
B2-royal,royal,B2,1306,,
B2-saturday,saturday,B2,1278,,
B2-scale,scale,B2,1200,,
B2-screen,screen,B2,1021,,
B2-soldier,soldier,B2,1267,,
B2-spell,spell,B2,1815,,
B3-alter,alter,B3,2710,,
B3-audio,audio,B3,2547,,
B3-automatically,automatically,B3,2366,,
B3-bang,bang,B3,2471,,
B3-barrier,barrier,B3,2893,,
B3-concentrate,concentrate,B3,2779,,
B3-critic,critic,B3,2345,,
B3-depression,depression,B3,2170,,
B3-exhibit,exhibit,B3,2488,,
B3-fortune,fortune,B3,2905,,
B3-freak,freak,B3,2541,,
B3-funeral,funeral,B3,2812,,
B3-impose,impose,B3,2553,,
B3-initiative,initiative,B3,2348,,
B3-intervention,intervention,B3,2937,,
B3-knight,knight,B3,2475,,
B3-maintenance,maintenance,B3,2239,,
B3-makeup,makeup,B3,2871,,
B3-mature,mature,B3,2947,,
B3-organ,organ,B3,2930,,
B3-ought,ought,B3,2248,,
B3-permanent,permanent,B3,2162,,
B3-regime,regime,B3,2964,,
B3-shield,shield,B3,2684,,
B3-slip,slip,B3,2138,,
B3-strategic,strategic,B3,2707,,
B3-subsequent,subsequent,B3,2875,,
B3-turkey,turkey,B3,2126,,
B3-vast,vast,B3,2484,,
B3-veteran,veteran,B3,2125,,
B4-ballet,ballet,B4,4983,,
B4-ballot,ballot,B4,3720,,
B4-blanket,blanket,B4,3610,,
B4-bomber,bomber,B4,4044,,
B4-cartoon,cartoon,B4,3471,,
B4-charter,charter,B4,3334,,
B4-confront,confront,B4,3468,,
B4-consistency,consistency,B4,4880,,
B4-corridor,corridor,B4,4740,,
B4-cough,cough,B4,4051,,
B4-darkness,darkness,B4,3247,,
B4-declaration,declaration,B4,3961,,
B4-differ,differ,B4,3140,,
B4-distant,distant,B4,3764,,
B4-examination,examination,B4,3059,,
B4-hostile,hostile,B4,4406,,
B4-icon,icon,B4,3258,,
B4-invent,invent,B4,3176,,
B4-legislative,legislative,B4,3169,,
B4-mandatory,mandatory,B4,4092,,
B4-meme,meme,B4,4045,,
B4-menu,menu,B4,3156,,
B4-pale,pale,B4,4065,,
B4-preference,preference,B4,3201,,
B4-ramp,ramp,B4,4837,,
B4-revise,revise,B4,3386,,
B4-scholar,scholar,B4,3056,,
B4-spike,spike,B4,4161,,
B4-spite,spite,B4,4595,,
B4-stumble,stumble,B4,4682,,
B5-aftermath,aftermath,B5,5458,,
B5-binge,binge,B5,7358,,
B5-blink,blink,B5,6154,,
B5-chew,chew,B5,5911,,
B5-degradation,degradation,B5,7948,,
B5-descent,descent,B5,5179,,
B5-dough,dough,B5,5740,,
B5-forbid,forbid,B5,5863,,
B5-forthcoming,forthcoming,B5,6568,,
B5-helper,helper,B5,7886,,
B5-indulge,indulge,B5,7314,,
B5-jasmine,jasmine,B5,7848,,
B5-monarchy,monarchy,B5,6854,,
B5-pineapple,pineapple,B5,7536,,
B5-proportional,proportional,B5,7964,,
B5-query,query,B5,5437,,
B5-recession,recession,B5,5628,,
B5-replay,replay,B5,5040,,
B5-rhino,rhino,B5,6859,,
B5-sally,sally,B5,5009,,
B5-salty,salty,B5,6662,,
B5-statewide,statewide,B5,7671,,
B5-succession,succession,B5,5010,,
B5-tactic,tactic,B5,6934,,
B5-tray,tray,B5,5706,,
B5-unarmed,unarmed,B5,6841,,
B5-unavailable,unavailable,B5,7674,,
B5-unleash,unleash,B5,5944,,
B5-ventilation,ventilation,B5,7975,,
B5-yang,yang,B5,5414,,
ACAD-artistic,artistic,ACAD,3868,,
ACAD-bargain,bargain,ACAD,3694,,
ACAD-cattle,cattle,ACAD,3981,,
ACAD-chemotherapy,chemotherapy,ACAD,8343,,
ACAD-civilization,civilization,ACAD,3790,,
ACAD-communicative,communicative,ACAD,16405,,
ACAD-denote,denote,ACAD,5930,,
ACAD-dilute,dilute,ACAD,6951,,
ACAD-grid,grid,ACAD,3618,,
ACAD-horizontal,horizontal,ACAD,5470,,
ACAD-incidence,incidence,ACAD,7113,,
ACAD-lever,lever,ACAD,6550,,
ACAD-liter,liter,ACAD,5030,,
ACAD-mentor,mentor,ACAD,4125,,
ACAD-molecule,molecule,ACAD,4176,,
ACAD-morality,morality,ACAD,5748,,
ACAD-morphological,morphological,ACAD,13340,,
ACAD-plausible,plausible,ACAD,7583,,
ACAD-pronounce,pronounce,ACAD,3511,,
ACAD-rainfall,rainfall,ACAD,6059,,
ACAD-rehabilitation,rehabilitation,ACAD,4893,,
ACAD-resistant,resistant,ACAD,4894,,
ACAD-retrieve,retrieve,ACAD,4264,,
ACAD-rhythm,rhythm,ACAD,4007,,
ACAD-ritual,ritual,ACAD,3816,,
ACAD-scatter,scatter,ACAD,3908,,
ACAD-scripture,scripture,ACAD,4979,,
ACAD-scroll,scroll,ACAD,4080,,
ACAD-subjective,subjective,ACAD,6269,,
ACAD-unify,unify,ACAD,4777,,
