id,text,decision,notes
p-bleentous,bleentous,,
p-flaistent,flaistent,,
p-pelpimpity,pelpimpity,,
p-troufol,troufol,,
p-somdeemism,somdeemism,,
p-beerkate,beerkate,,
p-wahustous,wahustous,,
p-skoususify,skoususify,,
p-strasleful,strasleful,,
p-brempure,brempure,,
p-gorkity,gorkity,,
p-frundous,frundous,,
p-froashoule,froashoule,,
p-raloasine,raloasine,,
p-skoresance,skoresance,,
p-brompism,brompism,,
p-taflurage,taflurage,,
p-goamate,goamate,,
p-plireem,plireem,,
p-meampance,meampance,,
p-brinoamp,brinoamp,,
p-groantify,groantify,,
p-noastish,noastish,,
p-lundify,lundify,,
p-skustule,skustule,,
p-speerleale,speerleale,,
p-bronousent,bronousent,,
p-brostiful,brostiful,,
p-stuglaint,stuglaint,,
p-pampondine,pampondine,,
p-flespinful,flespinful,,
p-sleeduful,sleeduful,,
p-voarostage,voarostage,,
p-brulpele,brulpele,,
p-geeltunine,geeltunine,,
p-wendasish,wendasish,,
p-struntuful,struntuful,,
p-plultism,plultism,,
p-goabustage,goabustage,,
p-poandance,poandance,,
p-skunarkify,skunarkify,,
p-fumpealt,fumpealt,,
p-wailtish,wailtish,,
p-boulberate,boulberate,,
p-grastole,grastole,,
p-frosintate,frosintate,,
p-prindou,prindou,,
p-bloalent,bloalent,,
p-rirkiltine,rirkiltine,,
p-saimuful,saimuful,,
